twitter_id,date,tweet
1484179356792471553,2022-01-20 15:01:48+00:00,b'2-13-22. Let\xe2\x80\x99s Go!!!\n\n@NBCSports @Pepsi @NFL @RocNation #Ad #PepsiHalftime \nhttps://t.co/S5bPVqS5rM'
1443682250172760064,2021-09-30 21:00:45+00:00,b'I\xe2\x80\x99m extremely excited to share the stage with my friends for the #PepsiHalftime Show.\xc2\xa0\n\nThis will introduce the next saga of my career\xe2\x80\xa6\n\nBigger and Better than Ever!!!\n\n@NBCSports @Pepsi @NFL @RocNation #SBLVI https://t.co/zn1wfJdhp2'
1196526595864875008,2019-11-18 20:32:25+00:00,b'Ye and Dre Jesus is King Part II Coming Soon https://t.co/Isr0TrijB8'
997231830280503297,2018-05-17 21:46:10+00:00,"b'RT @youtubemusic: Zebras, Oakley\xe2\x80\x99s, furs, a swimming pool full of cash... it\xe2\x80\x99s the epic new video from @AndersonPaak and @calmatic \xe2\x86\x92 https:\xe2\x80\xa6'"
935600524711272448,2017-11-28 20:05:22+00:00,b'Use as prescribed by your doctor.  @Eminem https://t.co/hje9I92C17'
884125566986706944,2017-07-09 19:02:16+00:00,b'Tonight!!#TheDefiantOnes https://t.co/Xnnxh1fufR'
875382867047481344,2017-06-15 16:01:53+00:00,b'No risk. No reward. #TheDefiantOnes https://t.co/oH5tliJaSL'
718650148583251969,2016-04-09 04:02:01+00:00,"b""Compton's in the House!!! #rockandrollhalloffame https://t.co/emoJLFIqHj"""
696163271447982083,2016-02-07 02:47:12+00:00,b'Stay true. Stay humble. Stay you. Good luck tomorrow Cam Newton.  https://t.co/hZcch3bZiz'
690215008236605444,2016-01-21 16:50:56+00:00,b'#StraightOuttaCompton\nUnrated Director\xe2\x80\x99s Cut is out now https://t.co/NXxOo7dmNj https://t.co/0EbFg7O9C5'
685235526744473600,2016-01-07 23:04:15+00:00,"b""#StraightOuttaCompton\nGet the Unrated Director's cut now on @iTunesMovies.\nhttps://t.co/OxmCfdgeFF https://t.co/zzmh1DX8R4"""
663128813384151040,2015-11-07 23:00:04+00:00,b'Opening up the archives.\nUnreleased music. \nNow. \n#ThePharmacy \nhttps://t.co/VaUFskql88 https://t.co/CyY3s5NTZK'
663115921045585921,2015-11-07 22:08:50+00:00,"b""Going into the vault. \nMusic you've never heard before.\n#ThePharmacy \nToday - 3PM PT/6PM ET @Beats1. https://t.co/0t3oSUpXm5"""
662850265062641664,2015-11-07 04:33:13+00:00,b'Unreleased music. \nTomorrow.\n#ThePharmacy'
661655292434759680,2015-11-03 21:24:49+00:00,b'#ThePharmacy returns on Saturday &amp; we want to hear from you. Email a voice memo with your question &amp; name/city to drdrepharmacy@icloud.com'
658040279769993216,2015-10-24 22:00:03+00:00,b'Had to run this one back.\n@SnoopDogg is on #ThePharmacy. \nhttps://t.co/7xqG03tHEB\nhttps://t.co/iDYJMGZVL6'
652967070598959104,2015-10-10 22:00:55+00:00,b'Let\xe2\x80\x99s get this started.\xc2\xa0\n@SnoopDogg is on #ThePharmacy.\xc2\xa0\nNow on @Beats1.\nhttp://t.co/7xqG03c6g1 http://t.co/rzfqS95TRM'
652951756389896192,2015-10-10 21:00:04+00:00,b'1 hour. \n@SnoopDogg enters #ThePharmacy.\n3PM PT/6PM ET on @Beats1.\nhttp://t.co/7xqG03tHEB http://t.co/2VPtJEeRQ6'
652916017824313344,2015-10-10 18:38:03+00:00,b'A very special episode of #ThePharmacy.\nGuest: @SnoopDogg\n@Beats1\nToday 3PM PT/6PM ET\nhttp://t.co/7xqG03c6g1\nhttps://t.co/zxtFAffpja'
651088857279152131,2015-10-05 17:37:34+00:00,b'Get #TalkAboutIt on #COMPTON. http://t.co/9ZzdWqcLve @AppleMusic\nhttps://t.co/zc9LAEAYPf'
651087692256509952,2015-10-05 17:32:57+00:00,b'#TalkAboutIt lyric video live now on @AppleMusic. @KingMez @Justus https://t.co/76zP3vf4zJ'
650026999084257280,2015-10-02 19:18:08+00:00,b'#TalkAboutIt lyric video. Monday.\nhttps://t.co/Z460crXyOW'
647893416743936001,2015-09-26 22:00:02+00:00,b'#ThePharmacy \n@REALDJPREMIER \n@llcoolj\nNow on @Beats1.\nhttp://t.co/7xqG03tHEB\nhttps://t.co/BexazIHGuX'
647878320617594884,2015-09-26 21:00:03+00:00,b'Welcoming two special guests to #ThePharmacy.\n@REALDJPREMIER &amp; @llcoolj on @Beats1 at 3pm PT/6pm ET. http://t.co/xPkhoJrOGT'
642819986474541061,2015-09-12 22:00:02+00:00,b'#ThePharmacy returns with the legendary @QuincyDJones.\nNow on @Beats1. http://t.co/VaUFskql88 http://t.co/JrsQcEDKWX'
642764091724046336,2015-09-12 18:17:56+00:00,b'#ThePharmacy returns today with the legendary @QuincyDJones.\n3PM PT/6PM ET on @Beats1. http://t.co/VaUFskql88 http://t.co/UAs26Acsk0'
642116724670775296,2015-09-10 23:25:31+00:00,b'Can\xe2\x80\x99t wait to have @QuincyDJones on #ThePharmacy this Saturday at 3PM PT/6PM ET. http://t.co/oZUN2Ah4Az'
641802617148981249,2015-09-10 02:37:22+00:00,"b""RT @SHOsports: After 19 yrs, @FloydMayweather is looking to hang 'em up. Celebrate some of his best moments w/ a new @DrDre track!\nhttps://\xe2\x80\xa6"""
632972775389433856,2015-08-16 17:50:44+00:00,b'Listen back to #ThePharmacy: Recap to Compton. Now on @AppleMusic #Connect. http://t.co/ONFw6qnHZn http://t.co/oj5NGruoA4'
632673125822525440,2015-08-15 22:00:02+00:00,"b""#ThePharmacy starts now on @Beats1, and today we're recapping everything #StraightOuttaCompton\nhttp://t.co/VaUFskql88 http://t.co/0E9EonAZ8o"""
632642985977470976,2015-08-15 20:00:16+00:00,b'Two hours to go.\n#ThePharmacy returns to @Beats1.\n#RecapToCompton\nhttp://t.co/VaUFsk8JJy http://t.co/K6531lbbZN'
632362724207362048,2015-08-15 01:26:36+00:00,b'RT @Interscope: Pre-order #COMPTON by @DrDre on 180-gram vinyl now. The first 150 people to order will receive an autographed copy: http://\xe2\x80\xa6'
632360850209112064,2015-08-15 01:19:10+00:00,b'#COMPTON on 180-gram vinyl. Pre-order now. http://t.co/mvtOrVV3wJ http://t.co/6KAznC7KZH'
631208090071756800,2015-08-11 20:58:30+00:00,b'#COMPTON\nhttps://t.co/fgBl3TjMiK'
630086175940677632,2015-08-08 18:40:25+00:00,"b'RT @SnoopDogg: \xf0\x9f\x92\xa3\xf0\x9f\x92\xa3\xf0\x9f\x94\xab\xf0\x9f\x94\xab\xf0\x9f\x92\xa5\xf0\x9f\x92\xa5\xf0\x9f\x94\xa5\xf0\x9f\x94\xa5""Satisfiction (ft. Snoop Dogg, Marsha Ambrosius &amp; King Mez)"" from Compton by Dr. Dre on @AppleMusic. https://t.co/a1\xe2\x80\xa6'"
629828475113750528,2015-08-08 01:36:24+00:00,b'RT @icecube: Get the new soundtrack to #Compton by the homie @DrDre now on @applemusic http://t.co/lleaixV9Pb http://t.co/XGjVEi3MNA'
629756844550979584,2015-08-07 20:51:46+00:00,b'RT @Eminem: Big day for music today.  @DrDre did it again with #Compton! More than honored to play my part: http://t.co/5oCbRcclAG'
629720927916273664,2015-08-07 18:29:03+00:00,b'#COMPTON http://t.co/FZsGDTUyai\nhttps://t.co/bPyXaLdIcv'
629502899870019584,2015-08-07 04:02:41+00:00,b'The wait is over. #COMPTON out now\n\nGet it on @AppleMusic http://t.co/FZsGDTUyai'
629444314486026240,2015-08-07 00:09:53+00:00,"b'#Compton\nStream it now, uncensored, only on @AppleMusic.\nhttp://t.co/nbebhWfLqw http://t.co/lA83KfE71E'"
629411697262923776,2015-08-06 22:00:17+00:00,b'#Compton\nTonight. 6PM-9PM PT\nStream it only on @AppleMusic. http://t.co/5b7XkEVywl'
629015982019735553,2015-08-05 19:47:51+00:00,b'COUNTDOWN TO #COMPTON http://t.co/FZsGDTUyai http://t.co/akGorJW1hI'
628639438784991233,2015-08-04 18:51:36+00:00,"b""RT @AppleMusic: BREAKING: Exclusive stream of @DrDre's #Compton - this Thursday (6PM - 9PM PT) on #AppleMusic. http://t.co/L9fxCOyiTo"""
627664569536610309,2015-08-02 02:17:49+00:00,"b'RT @AppleMusic: #ThePharmacy w/ @DrDre is not to be missed. The full show, now on #Connect.\nhttp://t.co/Ba0N0K8nHJ @Beats1 #Compton\nhttps:/\xe2\x80\xa6'"
627630534047350784,2015-08-02 00:02:34+00:00,b'My grand finale. #Compton\nhttp://t.co/nbebhWfLqw \nhttps://t.co/DF0i2fqaQF'
627625053723586560,2015-08-01 23:40:48+00:00,b'August 7 #Compton http://t.co/FZsGDTUyai http://t.co/M2N7z9e6KC'
627599699260915713,2015-08-01 22:00:03+00:00,b'Talking ALL things #StraightOuttaCompton with @IceCube &amp; @FGaryGray.\n#ThePharmacy starts now.\nhttp://t.co/VaUFskql88 http://t.co/8pj5HgiwCv'
627195100221706240,2015-07-31 19:12:19+00:00,b'You\xe2\x80\x99ve heard rumors. Hear the truth tomorrow. #ThePharmacy\nSaturday - 3PM PT/6PM ET http://t.co/V0U062nVWM'
626197119464935424,2015-07-29 01:06:42+00:00,b'RT @CptSeahawks: @drdre#Gearing up for the new season in new uniforms straight from Compton.#comptonseahawks @drdre http://t.co/pmzPOuK2xU'
626191890933641216,2015-07-29 00:45:55+00:00,b'#Compton https://t.co/v6cD4GgxP5'
626191791734165504,2015-07-29 00:45:31+00:00,b'RT @apch2830: Every November we give thanks to @drdre and his support of our community #SouthCentral http://t.co/KgqSv6qTfz'
622558798431940609,2015-07-19 00:09:18+00:00,"b""RT @yourboyeddie: Thanks to everyone that listened to #ThePharmacy we'll be back in 2 weeks. What producer do you want to hear? What city s\xe2\x80\xa6"""
622557933457444864,2015-07-19 00:05:52+00:00,b'RT @RashidiHarper: YO!!!  We did it again!! Another \xf0\x9f\x94\xa5\xf0\x9f\x94\xa5\xf0\x9f\x94\xa5\xf0\x9f\x94\xa5show.  Hashtag #ThePharmacy #Beats1Bullies to let us know what you want to hear nex\xe2\x80\xa6'
622557865195143168,2015-07-19 00:05:36+00:00,"b'RT @wyann: DONE! #ThePharmacy returns to you in TWO weeks, 3pm PST! Let us know whatchu wanna hear, World!!! @yourboyeddie @J_Credible @DJP\xe2\x80\xa6'"
622557776598839296,2015-07-19 00:05:15+00:00,b'RT @J_Credible: Real hip hop!! @yourboyeddie @wyann @DJPooh @drdre! #ThePharmacy @RashidiHarper @johnnybarba @AppleMusic'
622557608273035264,2015-07-19 00:04:35+00:00,b'RT @DJPooh: #Detroit set was\xf0\x9f\x94\xa5\xf0\x9f\x94\xa5\xf0\x9f\x94\xa5\xf0\x9f\x94\xa5 On #ThePharmacy with @drdre @Beats1 http://t.co/XtLn5EIVnX'
622526308883410944,2015-07-18 22:00:12+00:00,b'#ThePharmacy is on now. \nYou don\xe2\x80\x99t want to miss this.\nhttp://t.co/7xqG03c6g1 http://t.co/jnMbJhKuaD'
622497090157985792,2015-07-18 20:04:06+00:00,b'2 hours to go.\xc2\xa0\n#ThePharmacy returns.\xc2\xa0\nhttp://t.co/kPQsJpSkWv http://t.co/Zuz0oSM7yK'
622465880429989888,2015-07-18 18:00:05+00:00,b'#ThePharmacy is back today.\n3 pm PST/ 6 PM EST.\nhttp://t.co/kPQsJpSkWv http://t.co/1jyvvLA2tn'
622218469728063488,2015-07-18 01:36:58+00:00,b'#ThePharmacy returns Saturday. \n3pm PST/6pm EST.\nOnly on @Beats1.\nTimes: http://t.co/kPQsJpSkWv http://t.co/57wsDLkAcG'
617453184202608640,2015-07-04 22:01:25+00:00,b'#ThePharmacy debuts now on @Beats1.\nhttp://t.co/7xqG03c6g1 http://t.co/9DzLwatQg9'
617439803840163840,2015-07-04 21:08:15+00:00,b'#ThePharmacy debuts in 1 hour on @Beats1.\xc2\xa0http://t.co/kPQsJpSkWv http://t.co/Txdk5tT7ow'
617386905114558464,2015-07-04 17:38:03+00:00,"b""From the West Coast to the World. #ThePharmacy debuts today on @Beats1 at 3 pm (PST) / 6 PM (EST). Don't miss it! http://t.co/Q9p1WYg9Eg"""
583372361354727424,2015-04-01 20:56:24+00:00,"b""RT @MTV: Watch the exclusive @ComptonMovie trailer, the story of N.W.A's rise to fame. #StraightOuttaCompton https://t.co/4ESuZG2HuA"""
571437818414800896,2015-02-27 22:32:47+00:00,"b""I'm excited about the potential opening of Cuba. The next time I perform THIS is where I'd like to be #thenextepisode http://t.co/xm1VgPpMAg"""
564628768564604928,2015-02-09 03:36:03+00:00,b'RT @ComptonMovie: Their voices changed the world. Watch @drdre and @IceCube introduce the red band trailer for #StraightOuttaCompton\nhttps:\xe2\x80\xa6'
528069509064966145,2014-10-31 06:22:36+00:00,b'http://t.co/rpDcVYzg9Q #Respect'
523995826536718336,2014-10-20 00:35:15+00:00,b'No place like home. @KingJames big things ahead. http://t.co/GH0l44WdYR #BeatsByDre'
508759345048195072,2014-09-07 23:30:54+00:00,b'\xe2\x80\x9c@beatsbydre: In the end all the training was worth it. Congrats @serenawilliams http://t.co/aIVHNtEMWi http://t.co/syLiM5DyxP\xe2\x80\x9d #GoCompton'
500464472637468672,2014-08-16 02:10:03+00:00,b'Challenge accepted. Stay tuned @tim_cook'
495353614152781824,2014-08-01 23:41:19+00:00,b'http://t.co/mWcMJDumPt #TheNextEpisode'
495353050320871424,2014-08-01 23:39:05+00:00,"b""Jimmy and I are excited to officially be a part of the Apple family. I can't wait to get started on the new saga in my life and career!"""
479323018448363520,2014-06-18 18:01:27+00:00,b'8/14/15 #StraightOuttaCompton http://t.co/UqqjWaLvPR'
477936271063777281,2014-06-14 22:11:01+00:00,b'Welcome to the jungle @S_C_'
446042087151001600,2014-03-18 21:54:55+00:00,b'#CONNORSEASON has begun @JonConnorMusic http://t.co/6wZTSMQYN8'
430838036541079554,2014-02-04 22:59:27+00:00,b'#HitPlay Guest List: @DrDre on #BeatsMusic http://t.co/oMdNTKCoM6 http://t.co/7QBWr0WlD5'
397765346503163904,2013-11-05 16:40:23+00:00,b'RT @Eminem: Welcome home... For the last time. #MMLP2 out now!  http://t.co/yxdcbLmbQA'
388398008875753472,2013-10-10 20:17:56+00:00,b'#JimmyIovine and @DrDre doing what they do: http://t.co/ms0w9uVB50'
377162795919241216,2013-09-09 20:13:12+00:00,"b'RT @Eminem: The official music video for #Berzerk, directed by Syndrome, is here!  http://t.co/3RiPCVDgWg'"
372212382879059968,2013-08-27 04:22:02+00:00,"b'RT @Eminem: Back with Berzerk, the first single from #MMLP2 get it here: http://t.co/EF3mZKQCFi'"
306540634699866112,2013-02-26 23:05:57+00:00,b'Watch @kendricklamar perform #PoeticJustice tonight on @Late_Show with David Letterman'
306251951211962368,2013-02-26 03:58:49+00:00,"b""The 50 Best Rap Videos of the '90s\nhttp://t.co/8kgj6mrkVK"""
303203184845934593,2013-02-17 18:04:07+00:00,b'Houston todays the last day for the @beatbydre #PillChaser contest. Get to the #BeatsAmubulance 5000 Westheimer Rd by 3pm for the first clue'
297434933352337409,2013-02-01 20:03:08+00:00,b'The 25 Best A&amp;Rs in Hip-Hop History http://t.co/SUx8GPRS'
296049028867686401,2013-01-29 00:16:03+00:00,b'A Day in the Life of @KendrickLamar in New York http://t.co/AWitPxeA'
294974362740727808,2013-01-26 01:05:43+00:00,b'.@KendrickLamar makes his Saturday Night Live debut tomorrow!'
275712508344545280,2012-12-03 21:25:59+00:00,b'The 25 Best @DrDre Beats\n\nhttp://t.co/V6mHc0T1'
271307293407199232,2012-11-21 17:41:14+00:00,b'Check out the new @BeatsByDre Ad #ShowYourColor  http://t.co/0KJtFiJb'
268095204844769280,2012-11-12 20:57:32+00:00,b'The 100 Greatest Hip-Hop Beats of All Time http://t.co/MrLgnXtw'
264505298214072322,2012-11-02 23:12:32+00:00,"b'Help #Sandy survivors. Donate to the @RedCross via @iTunesMusic at http://t.co/bGUTUEZb. Out of US, visit http://t.co/H1utEeQ8'"
263722163390013440,2012-10-31 19:20:38+00:00,b'Life &amp; Rhymes: @KendrickLamar #GKMC\n\nhttp://t.co/p6GFAAJa'
262242014253424641,2012-10-27 17:19:03+00:00,"b""RT @SnoopDogg: Told y'all he was tha next one @kendricklamar 'good kid, m.A.A.d city' http://t.co/dJ64aQ0O #GKMC #TDE #RespectTheWest"""
262052259347714048,2012-10-27 04:45:01+00:00,b'RT @dangerookipawaa: TAYOR SWIFT BEEN #1ALL WEEK....LETS KICK HER ASS THIS WEEKEND.GO GET #GKMC NOW! LETS OUT SELL HER ASS FOR 3DAYS...  ...'
261509042965463040,2012-10-25 16:46:29+00:00,"b""Kendrick week continues with @KendrickLamar's 25 Favorite albums: http://t.co/5BXzrlCF"""
260909378260070403,2012-10-24 01:03:37+00:00,"b""The making of @KendrickLamar's #GKMC http://t.co/F2JPkTZ2"""
260883571538014208,2012-10-23 23:21:05+00:00,b'.@KendrickLamar in the Studio (Video) #GKMC http://t.co/Njtrp3XO'
260792699400105986,2012-10-23 17:19:59+00:00,"b'.@KendrickLamar Covers @ComplexMusic\'s ""good kid, m.A.A.d city"" Week #GKMC\n\nhttp://t.co/NT34Zta6'"
260529813465493504,2012-10-22 23:55:22+00:00,b'RT @kendricklamar: We at the best buy in Compton @8pm. Signing. Be there. Address ...230 Towner Center Drive Compton ca 90220'
260454330505781248,2012-10-22 18:55:26+00:00,"b'NEW ALBUM: ""good kid, m.A.A.d city"" the debut album from @KendrickLamar available NOW on @itunesmusic #GKMC  http://t.co/mg3sgSbC'"
256553064083890177,2012-10-12 00:33:11+00:00,"b""RT @Eminem: Pre-order my friend Dr. Dre's artist @KendrickLamar now on @itunesmusic #GKMC  http://t.co/5TUHeXPR"""
256105216829702146,2012-10-10 18:53:36+00:00,b'RT @HipHopAwards: Congrats to Lyricist of the Year winner: @kendricklamar #HipHopAwards'
253248562048139264,2012-10-02 21:42:16+00:00,"b'PRE-ORDER ""good kid, m.A.A.d city"" the debut album from @KendrickLamar on @itunesmusic #GKMC  http://t.co/mg3sgSbC'"
246388165546475520,2012-09-13 23:21:30+00:00,b'b Legendary #ShowYourColor http://t.co/oxfybPjQ'
240535991901892608,2012-08-28 19:47:04+00:00,b'Slaughterhouse welcome to: #OurHouse is out now: http://t.co/9c4j5GTA Win prizes from @Slaughterhouse &amp; @Eminem here http://t.co/fbXUMdVo'
235142832002826240,2012-08-13 22:36:35+00:00,b'Dre &amp; F Gary Gray - The NWA Movie kicks off the collaboration! Expect more incredible projects from this powerhouse duo http://t.co/Aidjs67C'
230855515348037632,2012-08-02 02:40:19+00:00,b'Check this out: http://t.co/DmhBGEmh http://t.co/XcdSrsZX'
230421706077003777,2012-07-31 21:56:30+00:00,"b""Go get @kendricklamar's #SwimmingPools (Drank) via @itunesmusic NOW http://t.co/fVOn2f07"""
230105829246914560,2012-07-31 01:01:19+00:00,b'RT @50cent: NEW DAY on @iTunesmusic now http://t.co/keEZO2CJ DR DRE ALICIA KEYS'
221293518084243456,2012-07-06 17:24:20+00:00,"b'RT @kendricklamar: http://t.co/wvprD9He #TheRecipe feat. @DrDre ""LIVE VIDEO"" #TDE RT'"
215203746286809088,2012-06-19 22:05:46+00:00,"b""RT @theboombox: [EXCLUSIVE INTERVIEW] Kendrick Lamar talks Dr. Dre's wisdom, @XDannyXBrownX 'DuckTales' &amp; new album http://t.co/2fz9 ..."""
207609224761585664,2012-05-29 23:07:51+00:00,b'Only 1 week left to RT for a chance to see @KendrickLamar LIVE in NYC on 6/4! http://t.co/4Gq40C6F @HTCUSA Presents #SocialSounds on @VEVO'
204669457463902208,2012-05-21 20:26:15+00:00,b'RT this message for a chance to see @KendrickLamar LIVE in NYC on 6/4! http://t.co/4Gq8yc7z @HTCUSA Presents #SocialSounds on @VEVO'
193144081671663616,2012-04-20 01:08:32+00:00,"b""What's #TheRecipe for your city? Check this out to win a live chat with @KendrickLamar - http://t.co/0hzorZVV"""
186923264059260928,2012-04-02 21:09:13+00:00,"b""Download #TheRecipe @KendrickLamar's new single feat @DrDre on @itunesmusic - http://t.co/OSw1ksxo"""
164479529165930497,2012-01-31 22:45:50+00:00,b'lies lies and more lies! MediaTakeout does it again - http://t.co/ReZItwXy'
156552057246064643,2012-01-10 01:44:55+00:00,b'Coachella http://t.co/X7ZotDCJ'
141952034814431233,2011-11-30 18:49:37+00:00,"b'Whether you choose blue, pink, orange, or green, we have the color that \xe2\x80\x9cis you."" http://t.co/Fg1rcU1d'"
132522057543061504,2011-11-04 18:18:15+00:00,b'Learn more about the @HTCUSA Rezound phone with Beats Audio http://t.co/GufGb1Rc'
131763433736642560,2011-11-02 16:03:45+00:00,b'Open for Business @beatsbydre Store on 67 Greene Street. http://t.co/I1aB5iLi'
126688796812115969,2011-10-19 15:58:57+00:00,"b""@VIBEMagazine Exclusive: @SlimTheMobster on Signing With Dr. Dre, 'War Music' Mixtape, Meeting Eminem http://t.co/9wTdOBPs"""
126445633715445760,2011-10-18 23:52:42+00:00,"b""Premiere! @SlimTheMobster 'South Central Blues' Music Video http://t.co/ELdi8pTU"""
126086097171255296,2011-10-18 00:04:02+00:00,b'Check out @SlimtheMobster\xe2\x80\x99s new track \xe2\x80\x9cMarta\xe2\x80\x9d #WARMUSIC http://t.co/ASw1xHIh'
126052180158447617,2011-10-17 21:49:16+00:00,b'WHO IS @SLIMTHEMOBSTER? http://t.co/AKhLyISw'
101803341016858624,2011-08-11 23:53:02+00:00,b'Check out @BeatsByDre\xe2\x80\x99s latest venture with @HTC http://t.co/VFl3WDO'
87330350921031680,2011-07-03 01:22:32+00:00,"b""Everybody go download @kendrick_lamar's #Section80 http://t.co/PpVxtl2"""
77901136715198466,2011-06-07 00:54:12+00:00,b'Dr. Dre / Chrysler Spot http://bit.ly/chryslerbeats'
73554261761466368,2011-05-26 01:01:17+00:00,b'Check out the New Video from @Kendrick_Lamar: #HiiiPoWeR prod by J.Cole off #Section80 - (Video) http://tinyurl.com/3bd44f4'
70930670934962176,2011-05-18 19:16:04+00:00,"b'""@GunnerTHIND #ifdrewasadoctor he would be a prof. @ harvard in ""g-funk beats""""'"
70923961021640704,2011-05-18 18:49:24+00:00,"b'#ifdrewasadoctor...@atlimarg ""@drdre Medical Mary Janes for everyone!""'"
70923414847762432,2011-05-18 18:47:14+00:00,b'What would the world be like if Dr. Dre was a real doctor? #DETOX #ifdrewasadoctor'
70241679868833793,2011-05-16 21:38:16+00:00,b'RT @Chavo90: @drdre the milk carton on The Real Slim Shady video'
70240243818835968,2011-05-16 21:32:33+00:00,"b""RT @aJosephOwens: The soft drink commercial where dre takes over the d.j. job wit that #WESTCOAST flavor RT @drdre: What's your favorite ..."""
70213889933058049,2011-05-16 19:47:50+00:00,"b""What's your favorite @drdre cameo? #DETOX"""
69127768247513088,2011-05-13 19:51:58+00:00,"b'""@davideglon Bitch Please II without a doubt.""'"
69125624807170048,2011-05-13 19:43:27+00:00,"b""RT @bigsexyz: \xe2\x80\x9c@drdre: What's your favorite @drdre posse cut? #DETOX\xe2\x80\x9d straight out of Compton"""
69123661562511360,2011-05-13 19:35:39+00:00,"b""What's your favorite @drdre posse cut? #DETOX"""
68371895829004288,2011-05-11 17:48:24+00:00,"b'""@Chavo90 The Real Slim Shady produced by @drdre is definately my fav because it was the first rap song i memorized back when I was 10""'"
68370687609405440,2011-05-11 17:43:36+00:00,"b'""@James_Meek X by Xzibit was the one that sticks out in my mind""'"
68367049092632577,2011-05-11 17:29:09+00:00,"b""What's ur favorite beat @drdre produced for someone else? #DETOX"""
65666988034359296,2011-05-04 06:40:04+00:00,"b'""Die Hard"" ft. @eminem is not the next single'"
65523401208504321,2011-05-03 21:09:30+00:00,"b""World premiere of @drdre's song #DieHard ft. @Eminem on the finale of Showtime\xe2\x80\x99s Fight Camp 360 - Pacquiao v Mosley. 10pm Fri. 5/6 #Detox"""
64035446484779009,2011-04-29 18:36:54+00:00,"b""RT @beatsbydre @DrDre Listenin' to your beats in a Chrysler 300S!"""
64021367946883072,2011-04-29 17:40:58+00:00,b'RT @ScottieDo37 listenin to those beats in a 62 impala'
64021131732066304,2011-04-29 17:40:01+00:00,"b'RT @O_fadare @Drdre my very old 1999 ford focus,my speakers are ready for #DETOX .'"
64014128582365184,2011-04-29 17:12:12+00:00,"b""King of the beats you ride to em in your Fleet, or Coupe DeVille rollin' on dubs.  What whip are you listenin to Dr. Dre beats in? #DETOX"""
63317212605333504,2011-04-27 19:02:54+00:00,b'RT @LiveAtTheBBQ @drdre Favorite beat: The Firm - Phone Tap! So many little cool edits. Its like listening to a movie. #tweetsbydre'
63315132498972672,2011-04-27 18:54:38+00:00,"b'RT @Natethegreatva: @drdre Favorite Beat would have to be ""Still D.R.E""   always makes me think of Training Day when Denzel says ""goin u ...'"
63310740035092480,2011-04-27 18:37:11+00:00,"b""Back when @icecube was rollin wit Lorenzo in a Benzo, I was bangin wit a gang of instrumentals. What's ur favorite Dre beat? #DETOX"""
62636429423022080,2011-04-25 21:57:43+00:00,b'RT #DETOX @Raza_Shah @drdre even when I was close to defeat I rose to my feet. My life is like a soundtrack I wrote to the beat #Tweetsbydre'
62603858442072064,2011-04-25 19:48:17+00:00,"b'RT @TheRealFiz @drdre ""the mic gets smoked once you hear the beat kick, with grooves so funky they come with a speed stick"" #tweetsbydre'"
62591734428864512,2011-04-25 19:00:07+00:00,"b'RT @and8y @drdre still,puffin my leafs,still with the beats, Still not loving police , still rock my khakis with a cuff and a crease !'"
62566185018990592,2011-04-25 17:18:35+00:00,"b""It ain't nothing but more hot shit, another classic CD for yall to vibe with. #DETOX comin soon.  Whats ur favorite Dre lyric? #tweetsbydre"""
60043773262049280,2011-04-18 18:15:25+00:00,b'Don\xe2\x80\x99t forget about this @Drdre video\xe2\x80\xa6which one is it?  #Tweetsbydre #Detox http://plixi.com/p/93684657'
59114075212361728,2011-04-16 04:41:08+00:00,"b""Skyrock - France's all hip-hop station is facing possible changes. Let's keep Skyrock the same."""
55683561650532352,2011-04-06 17:29:30+00:00,"b""This isn't @skylargrey, but model Estella Warren in a water tank holding her breath & lip-syncing #DETOX http://plixi.com/p/90036213"""
54953429495328768,2011-04-04 17:08:13+00:00,b'-@Skylargrey appears as a doctor in the #INeedaDoctor video.  Name the guy on the left. #DETOX http://plixi.com/p/89516292'
53157460059496448,2011-03-30 18:11:40+00:00,b'@DrDre @Snoopdogg @IceCube @regulator b4 performing on 2000\xe2\x80\x99s Up in Smoke Tour. Remember this? #DETOX http://plixi.com/p/88125921'
51055945043816448,2011-03-24 23:01:00+00:00,"b'Donate to the Nate Dogg Memorial Trust, going 100% to his family: http://goo.gl/SlnZy'"
50279471776923648,2011-03-22 19:35:34+00:00,b'Video of totaled Ferrari Modena on the set of #INeedaDoctor.  A stuntman crashed it. Worth it? #Detox http://bit.ly/gmUKx8'
41202382536708096,2011-02-25 18:26:28+00:00,b'Missed the premiere yesterday?  Watch Dr. Dre\xe2\x80\x99s new music video #INeedaDoctor featuring @Eminem & @Skylargrey at http://bit.ly/i3z9Xx'
40960600356028416,2011-02-25 02:25:42+00:00,b'Watch Dr. Dre\xe2\x80\x99s new music video #INeedaDoctor featuring @Eminem & @Skylargrey at http://bit.ly/i3z9Xx'
32629968655613952,2011-02-02 02:42:45+00:00,b'Thanks to all the great @DrDre & @Eminem fans #INeedADoctor is #1 at @iTunes. Listen now http://bit.ly/h8dp7A'
32490782493507584,2011-02-01 17:29:40+00:00,b'Get the official version of #INeedADoctor ft. @Eminem & @SkylarGrey on iTunes at http://bit.ly/h8dp7A'
13294246563942400,2010-12-10 18:09:30+00:00,"b""Watch the world premiere of @DrDre's new music video #Kush featuring @SnoopDogg and @Akon! http://bit.ly/kushvideo"""
5443053795938304,2010-11-19 02:11:39+00:00,b'RT @SnoopDogg: Dr. Dre @SnoopDogg #Detox #Kush http://bit.ly/aw594x'
5336076499554304,2010-11-18 19:06:34+00:00,b'Get the new Dr. Dre song \xe2\x80\x9cKush\xe2\x80\x9d featuring Snoop Dogg & Akon available now on iTunes http://bit.ly/drekush'
4957953576665088,2010-11-17 18:04:02+00:00,"b'Listen to the official version of the new Dr. Dre song ""Kush"" featuring Snoop Dogg & Akon. Only at www.drdre.com'"
